ID,Fecha,Tipo,Categoría,Descripción,Monto,Nota
1786590314416,2026-08-08,"Gasto","🍽 Comida","Comida",210,"Comida del Super"
1786590189274,2026-08-04,"Gasto","🚗 Transporte","Gasolina",59,"Pague con Banco B"
1786589810318,2026-07-07,"Gasto","🚗 Transporte","Gasolina",64,"Pague con Banco B"
1786589674863,2026-06-16,"Gasto","🚗 Transporte","Gas",71,"Pague con Banco B"
1786589452802,2026-05-19,"Gasto","🚗 Transporte","Gasolina del Totota",68,"Gasolina del mes-con Banco B"
1786569710280,2026-01-31,"Gasto","📚 Educación","Curso Aprendizaje",97,"Curso Intensivo de Marketing"
1786566898406,2026-07-22,"Inversión","📊 Dividendos/Rentas","S&P 500",1200,"Inversion en la Bolsa"
1786387961143,2026-04-24,"Gasto","🏥 Salud","Dentista",460,"Arreglo de Dientes, pague con T Credito"
1786387816304,2026-04-15,"Gasto","🚗 Transporte","Gasolina",50,"Gasolina pague con Banco B"
1786387728597,2026-04-28,"Gasto","🍽 Comida","Comida",190,"comida del mes"
1786328408705,2026-03-01,"Gasto","🏠 Hogar","Hogar",950,"Pago/mes de la casa"
1786328034228,2026-03-07,"Gasto","🎬 Entretenimiento","Concierto",360,"Concierto en Vivo de Marc Anthony"
1786327837157,2026-03-22,"Gasto","🚗 Transporte","Gasolina del carro Nissan",80,"Lleno del tanque gasolina"
1786327732102,2026-03-12,"Gasto","🍽 Comida","Comida",285,"Supermercado y comida china"
1786327621391,2026-03-18,"Gasto","🏥 Salud","Medico",390,"Sala Urgencias"
1786327520056,2026-03-06,"Gasto","📱 Suscripciones","Celular",70,"Pago mensual celular Recurrente"
1786327314579,2026-03-21,"Ingreso","💼 Salario","Salario mensual",3800,"Salario/mes cada dia 20"
1785084985593,2026-07-26,"Gasto","🍽 Comida","Restaurantes y Supermercado",420,"Monto Total en el mes-Hasta la fecha gastado en Comida."
1786328113000,2026-04-21,"Ingreso","💼 Salario","Salario mensual",3800,"Salario/mes cada dia 20"
1786328270577,2026-05-21,"Ingreso","💼 Salario","Salario mensual",3800,"Salario/mes cada dia 20"
1786327420299,2026-06-21,"Ingreso","💼 Salario","Salario mensual",3800,"Salario/mes cada dia 20"
1786327656504,2026-07-21,"Ingreso","💼 Salario","Salario mensual",3800,"Salario/mes cada dia 20"
1786327949390,2026-08-21,"Ingreso","💼 Salario","Salario mensual",3800,"Salario/mes cada dia 20"
1786327679917,2026-04-06,"Gasto","📱 Suscripciones","Celular",70,"Pago mensual celular Recurrente"
1786328137430,2026-05-06,"Gasto","📱 Suscripciones","Celular",70,"Pago mensual celular Recurrente"
1786327854877,2026-06-06,"Gasto","📱 Suscripciones","Celular",70,"Pago mensual celular Recurrente"
1786328508931,2026-07-06,"Gasto","📱 Suscripciones","Celular",70,"Pago mensual celular Recurrente"
1786328112512,2026-08-06,"Gasto","📱 Suscripciones","Celular",70,"Pago mensual celular Recurrente"
1786327562509,2026-09-06,"Gasto","📱 Suscripciones","Celular",70,"Pago mensual celular Recurrente"
1786329122771,2026-04-01,"Gasto","🏠 Hogar","Hogar",950,"Pago/mes de la casa"
1786328652429,2026-05-01,"Gasto","🏠 Hogar","Hogar",950,"Pago/mes de la casa"
1786328723138,2026-06-01,"Gasto","🏠 Hogar","Hogar",950,"Pago/mes de la casa"
1786329393034,2026-07-01,"Gasto","🏠 Hogar","Hogar",950,"Pago/mes de la casa"
1786328462619,2026-08-01,"Gasto","🏠 Hogar","Hogar",950,"Pago/mes de la casa"
1786328907704,2026-09-01,"Gasto","🏠 Hogar","Hogar",950,"Pago/mes de la casa"
1786570291024,2026-02-28,"Gasto","📚 Educación","Curso Aprendizaje",97,"Curso Intensivo de Marketing"
1786570702240,2026-03-31,"Gasto","📚 Educación","Curso Aprendizaje",97,"Curso Intensivo de Marketing"
1786570010497,2026-04-30,"Gasto","📚 Educación","Curso Aprendizaje",97,"Curso Intensivo de Marketing"
1786570287603,2026-05-31,"Gasto","📚 Educación","Curso Aprendizaje",97,"Curso Intensivo de Marketing"
1786570630830,2026-06-30,"Gasto","📚 Educación","Curso Aprendizaje",97,"Curso Intensivo de Marketing"
1786570271694,2026-07-31,"Gasto","📚 Educación","Curso Aprendizaje",97,"Curso Intensivo de Marketing"
